{
  "P_total_interface": 0.21466760000000001,
  "if.P_receiver_or_term_write": 0.012782000000000002,
  "core.P_total_core": 0.8000559653846154,
  "if.num_other_devices": 12.0,
  "if.P_term_write_others": 0.0595056,
  "if.num_dqw": 44.0,
  "if.duty_wr": 0.28,
  "core.P_RD_core": 0.11549999999999999,
  "core.P_ACT_PRE_core": 0.03199999999999998,
  "if.P_driver_read": 0.07038000000000001,
  "if.duty_rd": 0.6,
  "core.P_REF_core": 0.12057836538461539,
  "core.P_WR_core": 0.056672000000000014,
  "if.dq_per_device": 32.0,
  "core.P_PRE_STBY_core": 0.2156,
  "core.P_ACT_STBY_core": 0.48840000000000006,
  "if.P_total_interface": 0.21466760000000001,
  "P_total_core": 0.8000559653846154,
  "core.P_VPP_core": 0.028029807692307687,
  "if.P_term_read_others": 0.072,
  "if.num_dqr": 40.0,
  "P_total": 1.0147235653846154,
  "core.P_VDD_core": 0.7720261576923078
}