{
  "P_PRE_STBY_core": 0.0539,
  "P_ACT_STBY_core": 0.12210000000000001,
  "P_ACT_PRE_core": 0.007999999999999995,
  "P_RD_core": 0.028874999999999998,
  "P_WR_core": 0.014168000000000004,
  "P_REF_core": 0.030144591346153847,
  "P_VDD_core": 0.19300653942307694,
  "P_VPP_core": 0.007007451923076922,
  "P_total_core": 0.20001399134615386
}