{
  "core.P_total_core": 0.8000559653846154,
  "core.P_RD_core": 0.11549999999999999,
  "core.P_ACT_PRE_core": 0.03199999999999998,
  "core.P_REF_core": 0.12057836538461539,
  "core.P_ACT_STBY_core": 0.48840000000000006,
  "core.P_PRE_STBY_core": 0.2156,
  "core.P_VDD_core": 0.7720261576923078,
  "core.P_WR_core": 0.056672000000000014,
  "core.P_VPP_core": 0.028029807692307687,
  "if.P_DQ_WRITE": 0.019348483045806074,
  "if.P_DQ_READ": 0.03606135865595325,
  "if.P_CA": 0.020855647891658977,
  "if.P_CK": 0.017677136596055517,
  "if.P_WCK": 0.004949598246895545,
  "if.P_DQS": 0.013852460425439831,
  "if.P_CS": 0.0007448445675592492,
  "if.P_total_interface": 0.39279786276270184,
  "if.P_dyn_total_W": 0.2793083333333334,
  "if.P_dyn_dq_W": 0.05460512820512821,
  "if.P_dyn_ca_W": 0.01085897435897436,
  "if.P_dyn_cs_W": 0.0003878205128205128,
  "if.P_dyn_ck_W": 0.1241025641025641,
  "if.P_dyn_dqs_W": 0.05460512820512821,
  "if.P_dyn_wck_W": 0.03474871794871796,
  "if.P_dyn_total_interface": 0.2793083333333334,
  "if.P_dyn_total_subch_W": 0.1396541666666667,
  "if.P_total_interface_term": 0.11348952942936845,
  "if.P_total_interface_dyn": 0.2793083333333334,
  "P_total_core": 0.8000559653846154,
  "P_total_interface": 0.39279786276270184,
  "P_total": 1.1928538281473173
}